# Les 3 000 lemmes pleins les plus fréquents du français : noms, verbes, adjectifs, adverbes, par fréquence cumulée dans les
# films et les livres. Tiré de Lexique 3.83 (New, Pallier, Brysbaert, Ferrand ; lexique.org), CC BY-SA 4.0.
# mot	nature	fréquence (par million de mots, films + livres)
être	verbe	47322.0
ne	adverbe	36129.7
pas	adverbe	26983.3
avoir	verbe	19998.9
faire	verbe	14142.5
aller	verbe	12847.7
dire	verbe	10778.6
plus	adverbe	9077.0
pouvoir	verbe	8184.3
vouloir	verbe	6889.4
bien	adverbe	6748.9
voir	verbe	6521.2
savoir	verbe	6520.3
tout	adjectif	6120.1
non	adverbe	5176.0
devoir	verbe	4550.8
venir	verbe	4278.4
oui	adverbe	3844.9
prendre	verbe	3380.2
là	adverbe	3186.2
parler	verbe	3056.6
suivre	verbe	3039.7
si	adverbe	3032.1
falloir	verbe	2904.2
ici	adverbe	2894.8
chose	nom	2831.3
alors	adverbe	2811.4
aussi	adverbe	2762.2
encore	adverbe	2756.0
très	adverbe	2710.7
tout	adverbe	2697.8
passer	verbe	2660.8
croire	verbe	2659.2
petit	adjectif	2648.8
homme	nom	2522.4
jamais	adverbe	2483.2
aimer	verbe	2450.7
jour	nom	2403.7
penser	verbe	2355.3
bon	adjectif	2344.1
temps	nom	2320.4
trouver	verbe	2308.0
même	adverbe	2266.3
regarder	verbe	2195.2
laisser	verbe	2185.6
toujours	adverbe	2166.1
donner	verbe	2105.7
mettre	verbe	2088.6
attendre	verbe	2058.2
femme	nom	2045.1
fois	nom	2039.2
arriver	verbe	1975.5
peu	nom	1918.2
demander	verbe	1894.2
grand	adjectif	1883.4
vie	nom	1874.5
seul	adjectif	1806.7
rester	verbe	1797.3
quoi	adjectif	1769.1
main	nom	1729.0
autre	adjectif	1656.2
trop	adverbe	1649.5
oeil	nom	1647.6
heure	nom	1633.8
appeler	verbe	1630.8
père	nom	1619.1
peut-être	adverbe	1605.7
partir	verbe	1597.7
connaître	verbe	1590.3
monde	nom	1572.1
an	nom	1552.4
pourquoi	adverbe	1533.6
maintenant	adverbe	1525.6
sortir	verbe	1511.8
comprendre	verbe	1508.3
est-ce que	adverbe	1481.6
enfant	nom	1461.3
arrêter	verbe	1456.3
mère	nom	1448.1
entendre	verbe	1447.8
fille	nom	1433.8
tête	nom	1399.3
déjà	adverbe	1384.1
sûr	adjectif	1356.5
nuit	nom	1324.8
coup	nom	1309.5
mourir	verbe	1307.5
dieu	nom	1299.9
beau	adjectif	1291.9
sentir	verbe	1254.2
tenir	verbe	1245.9
vraiment	adverbe	1242.9
vrai	adjectif	1237.1
même	adjectif	1207.7
moins	adverbe	1196.9
maison	nom	1181.1
air	nom	1176.0
chercher	verbe	1161.5
soir	nom	1138.3
moment	nom	1121.8
revenir	verbe	1109.2
ami	nom	1102.1
tuer	verbe	1099.2
comment	adverbe	1087.9
beaucoup	adverbe	1087.4
monsieur	nom	1064.0
mieux	adverbe	1050.1
premier	adjectif	1049.6
besoin	nom	1037.9
gens	nom	1003.7
rendre	verbe	976.9
finir	verbe	975.6
devenir	verbe	972.1
vivre	verbe	970.5
essayer	verbe	967.1
nom	nom	965.7
porte	nom	951.3
comme	adverbe	943.3
perdre	verbe	923.4
mort	nom	912.8
jouer	verbe	907.4
ouvrir	verbe	905.8
accord	nom	902.4
peur	nom	868.9
jeune	adjectif	866.2
amour	nom	862.2
commencer	verbe	858.7
côté	nom	852.5
tomber	verbe	849.2
entrer	verbe	848.5
aider	verbe	847.4
vite	adverbe	843.5
dernier	adjectif	834.2
mot	nom	833.3
assez	adverbe	827.9
tant	adverbe	816.8
peu	adverbe	814.6
rentrer	verbe	812.4
juste	adjectif	810.3
mal	adverbe	803.4
sembler	verbe	802.1
tirer	verbe	798.4
vieux	adjectif	795.1
porter	verbe	794.9
écouter	verbe	785.0
raison	nom	776.7
oublier	verbe	773.9
place	nom	769.9
fait	nom	767.6
eau	nom	765.6
manger	verbe	748.4
terre	nom	747.4
plaire	verbe	747.0
voix	nom	743.5
question	nom	740.3
corps	nom	730.5
fils	nom	727.8
rue	nom	720.8
histoire	nom	719.5
répondre	verbe	718.3
idée	nom	718.2
asseoir	verbe	718.0
voiture	nom	712.5
retrouver	verbe	711.4
argent	nom	709.5
visage	nom	706.2
enfin	adverbe	706.1
chambre	nom	702.0
loin	adverbe	700.7
pied	nom	700.5
tard	adverbe	694.6
année	nom	691.8
marcher	verbe	690.0
maman	nom	684.6
travailler	verbe	682.2
monter	verbe	681.9
seulement	adverbe	677.2
ainsi	adverbe	677.1
matin	nom	671.8
famille	nom	659.3
changer	verbe	658.5
travail	nom	653.3
dormir	verbe	651.1
ville	nom	648.1
écrire	verbe	647.7
presque	adverbe	647.4
affaire	nom	647.2
coeur	nom	640.7
bras	nom	637.2
apprendre	verbe	635.2
noir	adjectif	627.0
part	nom	626.3
poser	verbe	626.2
longtemps	adverbe	625.9
bonjour	nom	622.1
gros	adjectif	620.4
mois	nom	617.2
problème	nom	615.1
boire	verbe	613.4
tout	nom	611.7
long	adjectif	608.9
frère	nom	606.7
lever	verbe	606.7
lire	verbe	605.9
montrer	verbe	603.9
peine	nom	599.3
servir	verbe	596.0
garder	verbe	595.9
quitter	verbe	595.0
occuper	verbe	594.9
tourner	verbe	581.2
plein	adjectif	579.2
guerre	nom	576.2
foutre	verbe	573.0
ouais	adverbe	572.1
paraître	verbe	570.2
payer	verbe	566.9
demain	adverbe	560.0
continuer	verbe	552.7
suite	nom	551.7
blanc	adjectif	549.3
point	nom	548.9
train	nom	543.9
minute	nom	543.7
envoyer	verbe	537.8
descendre	verbe	537.6
retourner	verbe	536.2
souvenir	verbe	530.5
instant	nom	529.6
jeter	verbe	529.0
fin	nom	527.9
bout	nom	526.4
lit	nom	522.5
nouveau	nom	522.4
mal	nom	520.5
type	nom	519.0
aujourd'hui	adverbe	518.4
raconter	verbe	515.7
garçon	nom	514.0
sang	nom	512.0
madame	nom	510.8
façon	nom	507.8
personne	nom	506.5
tour	nom	502.5
combien	adverbe	498.6
table	nom	498.2
cas	nom	497.9
chance	nom	497.0
force	nom	496.7
plutôt	adverbe	491.1
semaine	nom	488.4
fond	nom	486.2
fou	adjectif	485.6
livre	nom	484.6
regard	nom	484.5
rappeler	verbe	484.0
gagner	verbe	475.3
ailleurs	adverbe	475.1
envie	nom	472.1
pourtant	adverbe	471.5
feu	nom	470.1
truc	nom	469.1
reprendre	verbe	467.1
pas	nom	461.2
excuser	verbe	461.0
rire	verbe	460.8
toucher	verbe	460.5
doute	nom	458.2
soleil	nom	457.7
route	nom	454.8
mauvais	adjectif	453.3
ordre	nom	452.6
manquer	verbe	451.6
lieu	nom	449.6
autour	adverbe	448.6
ciel	nom	447.5
pays	nom	444.1
parfois	adverbe	440.2
surtout	adverbe	440.1
acheter	verbe	439.1
heureux	adjectif	438.4
espérer	verbe	436.0
prêt	adjectif	435.9
fermer	verbe	435.8
imaginer	verbe	435.4
expliquer	verbe	434.9
merci	nom	432.9
importer	verbe	432.5
silence	nom	432.0
compter	verbe	431.5
rencontrer	verbe	429.5
pièce	nom	427.5
souvent	adverbe	422.5
décider	verbe	421.9
sorte	nom	421.9
plaisir	nom	420.2
prier	verbe	418.9
recevoir	verbe	417.2
cause	nom	415.9
agir	verbe	415.7
bois	nom	415.0
pousser	verbe	414.5
possible	adjectif	413.4
lettre	nom	412.8
valoir	verbe	411.8
chef	nom	411.2
courir	verbe	409.9
lumière	nom	409.1
chien	nom	408.1
mur	nom	406.7
verre	nom	406.6
partie	nom	402.7
puis	adverbe	401.9
ensemble	adverbe	398.5
mec	nom	397.8
face	nom	396.2
nouveau	adjectif	395.1
autant	adverbe	392.6
cheveu	nom	391.9
offrir	verbe	391.8
suffire	verbe	391.5
petit	nom	391.4
mari	nom	388.4
cacher	verbe	386.0
en	adverbe	384.8
fort	adverbe	384.7
reste	nom	383.1
battre	verbe	382.7
là-bas	adverbe	380.8
genre	nom	379.4
coucher	verbe	378.2
emmener	verbe	378.2
rouge	adjectif	376.2
bruit	nom	375.6
bouche	nom	373.5
esprit	nom	372.1
droit	nom	371.3
fenêtre	nom	370.8
propre	adjectif	370.7
âge	nom	370.0
reconnaître	verbe	369.9
compte	nom	369.3
apporter	verbe	369.2
bouger	verbe	368.7
pauvre	adjectif	365.8
mer	nom	364.2
état	nom	363.9
jeu	nom	363.8
nouvelle	adjectif	363.6
juste	adverbe	362.2
général	nom	361.7
police	nom	359.9
permettre	verbe	357.1
crier	verbe	356.7
chemin	nom	356.6
endroit	nom	355.8
pleurer	verbe	354.9
bientôt	adverbe	354.6
journée	nom	354.3
tellement	adverbe	352.2
école	nom	350.9
disparaître	verbe	349.4
gars	nom	348.9
remettre	verbe	347.5
putain	nom	347.1
joli	adjectif	346.4
soeur	nom	346.0
sauver	verbe	345.6
d'abord	adverbe	344.8
avant	adverbe	342.1
français	adjectif	341.9
doigt	nom	341.8
café	nom	340.9
cher	adjectif	339.4
salut	nom	339.2
papa	nom	336.2
sens	nom	335.1
jambe	nom	334.8
parent	nom	334.7
dur	adjectif	334.5
vérité	nom	334.1
salle	nom	332.7
arme	nom	331.7
vieux	nom	331.5
après	adverbe	330.9
service	nom	330.4
préparer	verbe	328.5
frapper	verbe	328.4
voler	verbe	327.5
film	nom	326.8
milieu	nom	326.3
papier	nom	323.6
découvrir	verbe	322.4
partout	adverbe	321.3
docteur	nom	321.2
épaule	nom	321.1
cours	nom	319.8
premier	nom	319.7
bureau	nom	317.2
sourire	verbe	316.9
hier	adverbe	316.4
important	adjectif	316.1
dos	nom	314.3
conduire	verbe	314.3
approcher	verbe	313.8
travers	nom	313.2
préférer	verbe	312.8
geste	nom	311.9
désoler	verbe	311.7
accepter	verbe	310.5
effet	nom	309.1
journal	nom	308.5
cheval	nom	308.4
bord	nom	308.0
meilleur	adjectif	308.0
ressembler	verbe	306.1
choisir	verbe	304.4
photo	nom	303.7
libre	adjectif	302.3
revoir	verbe	302.3
réveiller	verbe	301.4
présenter	verbe	301.0
vendre	verbe	299.6
sac	nom	298.9
coin	nom	298.8
répéter	verbe	298.4
revoir	nom	298.1
vent	nom	297.6
retour	nom	297.6
ensuite	adverbe	297.1
refuser	verbe	296.7
couper	verbe	296.7
taire	verbe	294.3
âme	nom	293.2
empêcher	verbe	293.1
chanter	verbe	292.1
avancer	verbe	290.6
arbre	nom	290.3
dehors	adverbe	289.8
désolé	adjectif	289.1
froid	adjectif	288.9
rêve	nom	287.3
promettre	verbe	286.7
simple	adjectif	286.3
certain	adjectif	286.2
marier	verbe	285.6
exister	verbe	284.4
amener	verbe	284.2
musique	nom	284.1
inquiéter	verbe	283.2
pareil	adjectif	283.1
attention	nom	283.1
ramener	verbe	282.0
parole	nom	281.8
couleur	nom	281.0
maître	nom	280.0
clair	adjectif	279.4
ombre	nom	279.1
bleu	adjectif	278.2
embrasser	verbe	276.5
roi	nom	276.4
merde	nom	275.8
peau	nom	275.2
patron	nom	274.0
hôtel	nom	273.6
traverser	verbe	273.1
bas	adjectif	272.6
image	nom	271.0
rapport	nom	271.0
forme	nom	270.9
difficile	adjectif	268.7
apercevoir	verbe	267.7
oreille	nom	267.7
content	adjectif	265.4
ignorer	verbe	265.0
haut	adjectif	264.8
faute	nom	264.5
fleur	nom	264.1
glisser	verbe	264.1
ajouter	verbe	263.5
voyage	nom	263.2
dame	nom	262.6
amuser	verbe	262.4
copain	nom	262.0
depuis	adverbe	261.2
lâcher	verbe	260.3
souvenir	nom	260.3
lèvre	nom	259.9
serrer	verbe	258.5
espèce	nom	258.2
intéresser	verbe	258.2
facile	adjectif	258.0
sauter	verbe	257.6
téléphone	nom	257.6
gentil	adjectif	257.5
pierre	nom	257.0
tôt	adverbe	256.7
carte	nom	256.4
début	nom	255.8
confiance	nom	254.9
oncle	nom	254.4
réussir	verbe	254.0
casser	verbe	253.3
nez	nom	252.8
habitude	nom	252.7
ligne	nom	252.1
sourire	nom	251.4
enlever	verbe	251.2
rêver	verbe	251.1
debout	adverbe	250.7
fête	nom	250.0
sale	adjectif	248.9
paix	nom	248.6
armée	nom	247.6
tromper	verbe	246.4
mariage	nom	246.1
seconde	nom	246.0
jardin	nom	246.0
cesser	verbe	245.9
oser	verbe	245.7
impression	nom	245.5
capitaine	nom	245.3
odeur	nom	245.2
tendre	verbe	245.0
signe	nom	244.0
numéro	nom	243.5
terminer	verbe	242.4
droit	adjectif	241.1
bonheur	nom	241.1
habiter	verbe	240.8
lancer	verbe	240.3
or	nom	240.3
village	nom	239.8
drôle	adjectif	239.5
abandonner	verbe	239.3
boulot	nom	238.6
adorer	verbe	238.3
mener	verbe	237.6
mentir	verbe	237.2
exactement	adverbe	237.0
soldat	nom	236.8
bébé	nom	236.8
plan	nom	236.5
près	adverbe	236.5
grave	adjectif	236.3
ok	adjectif	236.0
fort	adjectif	235.6
naître	verbe	235.4
gueule	nom	235.2
assurer	verbe	234.3
doux	adjectif	234.2
prix	nom	234.1
souffrir	verbe	233.1
sentiment	nom	233.0
installer	verbe	233.0
robe	nom	232.6
vue	nom	232.2
doucement	adverbe	232.2
malade	adjectif	232.2
faux	adjectif	231.8
rejoindre	verbe	231.8
remonter	verbe	231.5
aide	nom	231.1
jurer	verbe	230.2
manière	nom	230.1
danser	verbe	229.9
soudain	adverbe	228.5
honneur	nom	228.1
ancien	adjectif	228.0
différent	adjectif	227.8
échapper	verbe	227.7
groupe	nom	226.9
sujet	nom	226.2
intérieur	nom	226.0
utiliser	verbe	225.9
flic	nom	225.9
pouvoir	nom	225.8
craindre	verbe	225.8
joie	nom	225.3
rouler	verbe	225.3
entier	adjectif	223.9
chat	nom	223.7
cuisine	nom	223.3
mouvement	nom	223.3
être	nom	223.3
président	nom	223.0
scène	nom	222.9
boîte	nom	222.9
remarquer	verbe	222.7
cour	nom	221.9
couvrir	verbe	221.8
propos	nom	221.5
impossible	adjectif	220.6
au-dessus	adverbe	220.3
prison	nom	219.9
grand	nom	219.9
maintenir	verbe	219.8
exemple	nom	219.8
prochain	adjectif	219.6
cul	nom	219.1
simplement	adverbe	219.1
peuple	nom	218.7
humain	adjectif	218.6
nu	adjectif	217.9
vivant	adjectif	217.2
balle	nom	216.7
garde	nom	216.6
médecin	nom	215.8
retenir	verbe	215.5
charger	verbe	215.2
accompagner	verbe	215.0
brûler	verbe	215.0
seigneur	nom	214.0
situation	nom	213.8
calmer	verbe	213.6
camp	nom	212.2
tranquille	adjectif	211.6
église	nom	209.8
pensée	nom	209.4
triste	adjectif	209.1
chéri	nom	208.3
vide	adjectif	207.8
sûrement	adverbe	207.8
présent	nom	207.7
bateau	nom	207.2
époque	nom	206.9
tenter	verbe	206.7
avion	nom	206.4
gauche	nom	206.4
marche	nom	206.1
réfléchir	verbe	205.8
avis	nom	204.4
ennemi	nom	204.3
français	nom	204.1
faim	nom	204.0
aussitôt	adverbe	203.5
apparaître	verbe	203.0
prévenir	verbe	203.0
protéger	verbe	202.9
haut	nom	202.9
mort	adjectif	202.5
cri	nom	201.0
front	nom	200.2
prince	nom	200.1
dent	nom	199.9
goût	nom	199.8
risquer	verbe	199.7
ton	nom	199.6
secret	nom	199.5
visite	nom	199.3
obliger	verbe	199.2
inviter	verbe	199.1
passage	nom	199.1
trou	nom	199.1
éviter	verbe	197.9
vert	adjectif	197.7
sol	nom	197.5
chaud	adjectif	197.5
vin	nom	197.3
réponse	nom	197.0
noir	nom	196.6
poche	nom	195.9
langue	nom	195.4
tante	nom	195.0
gouvernement	nom	194.7
rire	nom	194.3
client	nom	193.7
long	nom	193.1
été	nom	192.7
arranger	verbe	191.9
bas	nom	191.6
con	nom	191.6
départ	nom	191.5
courant	nom	191.3
oiseau	nom	190.8
moyen	nom	190.5
emporter	verbe	190.3
normal	adjectif	189.9
proposer	verbe	189.7
annoncer	verbe	189.6
filer	verbe	189.5
étrange	adjectif	189.2
ventre	nom	188.9
léger	adjectif	188.8
atteindre	verbe	188.6
traîner	verbe	188.3
contraire	nom	188.1
hôpital	nom	188.1
classe	nom	187.9
honte	nom	186.9
complètement	adverbe	186.8
avenir	nom	186.3
sec	adjectif	185.9
détester	verbe	185.5
deviner	verbe	185.1
bête	nom	185.0
pardonner	verbe	184.1
bizarre	adjectif	183.6
bonsoir	nom	183.4
lentement	adverbe	183.0
fumer	verbe	182.9
supposer	verbe	182.8
loi	nom	182.4
genou	nom	182.2
escalier	nom	181.1
présence	nom	180.6
cigarette	nom	180.5
moindre	adjectif	180.4
effort	nom	179.3
larme	nom	179.2
parvenir	verbe	179.1
reposer	verbe	179.1
soirée	nom	179.1
baisser	verbe	179.0
million	nom	178.8
siècle	nom	178.7
retirer	verbe	178.6
lendemain	nom	178.5
respirer	verbe	178.5
intérêt	nom	178.4
détruire	verbe	178.4
épouser	verbe	178.0
quartier	nom	177.9
passé	nom	177.8
seul	nom	177.5
liberté	nom	177.5
bien	nom	176.8
camarade	nom	176.8
droite	nom	176.7
cadeau	nom	176.6
sérieux	adjectif	176.5
erreur	nom	176.2
séparer	verbe	176.0
durer	verbe	176.0
terrible	adjectif	175.8
appartement	nom	175.6
lourd	adjectif	175.3
gris	adjectif	174.5
passé	adjectif	174.5
éloigner	verbe	174.3
quelque	adverbe	174.1
traiter	verbe	174.0
fixer	verbe	173.7
appel	nom	173.6
mètre	nom	173.6
poste	nom	173.6
surprendre	verbe	173.4
bon	nom	173.3
retard	nom	173.1
pain	nom	173.0
appartenir	verbe	172.9
preuve	nom	172.9
pencher	verbe	172.8
neuf	adjectif	172.6
saisir	verbe	172.6
ouvert	adjectif	172.3
hasard	nom	172.3
grand-père	nom	172.1
mémoire	nom	171.8
gosse	nom	171.7
conseil	nom	171.6
poursuivre	verbe	171.2
allumer	verbe	171.1
compagnie	nom	170.9
déranger	verbe	170.9
objet	nom	170.3
étonner	verbe	170.2
attaquer	verbe	170.0
défendre	verbe	169.6
énorme	adjectif	169.3
obtenir	verbe	169.0
colère	nom	169.0
dessus	adverbe	168.8
couler	verbe	168.7
pluie	nom	168.7
remercier	verbe	168.2
feuille	nom	168.1
recommencer	verbe	168.0
attraper	verbe	167.9
grand-mère	nom	167.8
douleur	nom	167.8
souhaiter	verbe	167.8
occasion	nom	167.6
arracher	verbe	167.6
supporter	verbe	167.3
appuyer	verbe	167.0
entrée	nom	166.9
clé	nom	166.7
île	nom	166.6
mêler	verbe	166.5
rôle	nom	166.3
amoureux	adjectif	166.2
sonner	verbe	166.2
espoir	nom	166.1
douter	verbe	165.9
beauté	nom	165.2
dimanche	nom	165.1
mesure	nom	165.0
regretter	verbe	165.0
choix	nom	164.8
fil	nom	164.7
relever	verbe	164.4
équipe	nom	164.3
art	nom	164.3
morceau	nom	164.1
cousin	nom	163.8
champ	nom	163.7
dernier	nom	163.3
capable	adjectif	163.2
animal	nom	163.1
engager	verbe	162.8
phrase	nom	162.5
professeur	nom	162.5
désir	nom	162.4
super	adjectif	161.9
bouteille	nom	161.3
diriger	verbe	160.8
dégager	verbe	160.5
surprise	nom	160.1
cependant	adverbe	159.8
message	nom	159.7
cou	nom	159.4
sommeil	nom	159.3
observer	verbe	158.7
coller	verbe	158.5
calme	nom	158.4
profiter	verbe	158.4
campagne	nom	158.3
chaise	nom	158.3
frais	adjectif	158.1
partager	verbe	158.1
glace	nom	157.8
avouer	verbe	157.8
derrière	adverbe	157.7
sombre	adjectif	157.6
bain	nom	157.5
conversation	nom	157.5
agent	nom	157.2
dîner	nom	157.0
baiser	verbe	156.9
action	nom	156.7
pire	adjectif	156.5
nature	nom	156.1
élever	verbe	155.9
chaleur	nom	155.3
prévoir	verbe	155.3
discuter	verbe	155.1
page	nom	154.9
placer	verbe	154.7
joue	nom	154.0
signer	verbe	154.0
moitié	nom	153.8
course	nom	153.7
herbe	nom	153.3
absolument	adverbe	153.2
fuir	verbe	153.2
direction	nom	153.1
juger	verbe	153.1
accident	nom	153.0
machine	nom	152.7
hésiter	verbe	152.5
victime	nom	152.5
sécurité	nom	152.3
entraîner	verbe	151.8
vêtement	nom	151.6
mériter	verbe	151.6
avance	nom	151.6
accrocher	verbe	151.5
fer	nom	151.3
vérifier	verbe	151.1
dollar	nom	151.1
colonel	nom	150.7
bande	nom	150.6
vacance	nom	150.5
éprouver	verbe	150.4
avocat	nom	150.3
court	adjectif	150.1
fou	nom	150.0
former	verbe	150.0
malheur	nom	149.5
dangereux	adjectif	149.4
crime	nom	149.1
prêter	verbe	149.1
tas	nom	149.1
ressentir	verbe	148.9
pur	adjectif	148.8
forêt	nom	148.2
profond	adjectif	148.1
diable	nom	148.1
côte	nom	147.7
billet	nom	147.4
pont	nom	147.2
arrière	nom	147.2
blesser	verbe	147.1
détail	nom	146.9
crever	verbe	146.5
repartir	verbe	146.4
secret	adjectif	145.8
rendez-vous	nom	145.7
écraser	verbe	145.2
marquer	verbe	144.9
génial	adjectif	144.7
laver	verbe	143.9
commander	verbe	143.8
montagne	nom	143.8
inutile	adjectif	143.1
étage	nom	143.0
chapeau	nom	142.9
remplir	verbe	142.6
demeurer	verbe	142.0
cinéma	nom	142.0
éclater	verbe	141.8
livrer	verbe	141.5
centre	nom	141.5
santé	nom	141.4
prouver	verbe	141.3
second	adjectif	141.1
courage	nom	141.1
toit	nom	140.8
allemand	nom	140.6
salon	nom	140.5
trace	nom	140.4
devant	adverbe	140.3
justement	adverbe	140.3
note	nom	140.2
soin	nom	140.2
calme	adjectif	140.2
tableau	nom	140.1
foule	nom	140.1
forcer	verbe	140.1
a	nom	140.0
régler	verbe	140.0
créer	verbe	140.0
militaire	adjectif	139.9
projet	nom	139.6
métier	nom	139.6
riche	adjectif	139.3
surveiller	verbe	139.2
dîner	verbe	139.0
but	nom	138.8
chair	nom	138.8
américain	adjectif	138.7
hiver	nom	138.5
condition	nom	138.3
proche	adjectif	138.2
voisin	nom	137.8
ok	adverbe	137.7
société	nom	137.7
soulever	verbe	137.6
combat	nom	137.4
fier	adjectif	137.3
enfance	nom	137.0
marché	nom	136.8
général	adjectif	136.7
réalité	nom	136.5
étoile	nom	136.4
mademoiselle	nom	136.3
troupe	nom	136.3
entourer	verbe	136.1
poisson	nom	136.0
lieutenant	nom	135.9
danger	nom	135.9
promener	verbe	135.6
gauche	adjectif	135.5
fric	nom	135.4
secouer	verbe	135.3
contact	nom	135.3
chemise	nom	135.1
plage	nom	135.1
ferme	nom	134.9
pitié	nom	134.5
présent	adjectif	134.4
officier	nom	134.4
représenter	verbe	134.3
dépêcher	verbe	134.3
oeuvre	nom	134.2
paquet	nom	134.2
éteindre	verbe	134.1
parti	nom	133.9
étendre	verbe	133.8
couloir	nom	133.7
mission	nom	133.7
causer	verbe	133.6
ennui	nom	133.3
radio	nom	133.2
importance	nom	133.1
national	adjectif	132.7
télé	nom	132.6
espace	nom	132.4
opération	nom	132.1
recherche	nom	132.1
haut	adverbe	131.6
chanson	nom	131.5
est	nom	131.5
coûter	verbe	131.3
gamin	nom	131.0
jaune	adjectif	130.9
poitrine	nom	130.9
murmurer	verbe	130.8
expérience	nom	130.8
vol	nom	130.7
allonger	verbe	130.7
foi	nom	130.6
anglais	nom	130.5
considérer	verbe	130.4
enfer	nom	130.2
attirer	verbe	130.2
chaussure	nom	130.1
meilleur	nom	129.6
songer	verbe	129.4
règle	nom	129.4
héros	nom	129.3
plaindre	verbe	129.1
taper	verbe	129.0
spectacle	nom	129.0
sein	nom	128.9
bar	nom	128.9
gêner	verbe	128.8
adresser	verbe	128.8
enfermer	verbe	128.7
immense	adjectif	128.4
trembler	verbe	128.2
enfoncer	verbe	128.1
dossier	nom	128.0
allemand	adjectif	127.9
lune	nom	127.7
guère	adverbe	127.7
désormais	adverbe	127.6
téléphoner	verbe	127.5
désirer	verbe	127.5
davantage	adverbe	127.4
relation	nom	127.3
terrain	nom	127.3
fatiguer	verbe	127.3
souffle	nom	127.2
ficher	verbe	127.2
conscience	nom	127.1
voie	nom	127.1
maladie	nom	126.7
gare	nom	126.7
décision	nom	126.5
large	adjectif	126.2
magasin	nom	126.2
étranger	nom	125.9
habiller	verbe	125.6
pute	nom	125.5
exact	adjectif	125.4
salaud	nom	125.2
connerie	nom	125.2
repas	nom	125.2
position	nom	125.1
posséder	verbe	125.0
fin	adjectif	124.9
pomme	nom	124.7
toile	nom	124.6
immobile	adjectif	124.5
libérer	verbe	124.3
virer	verbe	124.1
système	nom	123.9
autrefois	adverbe	123.8
adresse	nom	123.7
inventer	verbe	123.7
poids	nom	123.5
presser	verbe	123.3
sortie	nom	123.1
tort	nom	123.0
chasser	verbe	122.8
nord	nom	122.7
arrivée	nom	122.7
ministre	nom	122.6
lait	nom	122.5
existence	nom	122.3
volonté	nom	122.0
hurler	verbe	121.8
pauvre	nom	121.8
sable	nom	121.8
ennuyer	verbe	121.6
moquer	verbe	121.5
passion	nom	121.4
dépasser	verbe	121.4
endormir	verbe	121.4
valise	nom	121.3
apprécier	verbe	121.3
fauteuil	nom	121.3
pote	nom	121.3
reculer	verbe	121.2
membre	nom	120.9
témoin	nom	120.8
bordel	nom	120.7
rapide	adjectif	120.5
figure	nom	120.5
rare	adjectif	120.5
destin	nom	120.3
construire	verbe	120.2
neige	nom	120.2
accorder	verbe	120.1
nécessaire	adjectif	120.1
meurtre	nom	119.9
rose	adjectif	119.8
bière	nom	119.8
intention	nom	119.8
patte	nom	119.7
taille	nom	119.7
risque	nom	119.6
merveilleux	adjectif	119.6
rapporter	verbe	119.4
blanc	nom	119.2
devoir	nom	119.1
lampe	nom	119.0
produire	verbe	118.7
personnage	nom	118.6
ramasser	verbe	118.6
nombre	nom	118.5
plonger	verbe	118.2
interdire	verbe	118.1
vif	adjectif	118.0
château	nom	117.8
dresser	verbe	117.7
gorge	nom	117.7
rencontre	nom	117.4
attacher	verbe	117.4
interroger	verbe	117.4
écarter	verbe	117.2
nourrir	verbe	117.1
briser	verbe	116.8
parfaitement	adverbe	116.6
évidemment	adverbe	116.3
peindre	verbe	116.3
brusquement	adverbe	116.3
dedans	adverbe	116.0
magnifique	adjectif	115.9
déposer	verbe	115.8
horreur	nom	115.6
ranger	verbe	115.6
unique	adjectif	115.6
naturel	adjectif	115.5
son	nom	115.3
poil	nom	115.3
certainement	adverbe	115.1
spécial	adjectif	115.0
signifier	verbe	114.9
piquer	verbe	114.9
mme	nom	114.9
déclarer	verbe	114.8
bonne	nom	114.6
plaisanter	verbe	114.6
aventure	nom	114.5
somme	nom	114.5
amitié	nom	114.5
pleuvoir	verbe	114.3
planter	verbe	114.2
acte	nom	114.1
mine	nom	114.0
thé	nom	113.9
jeunesse	nom	113.8
couple	nom	113.6
remplacer	verbe	113.5
trait	nom	113.2
événement	nom	113.2
entendu	adjectif	113.1
folie	nom	113.1
acteur	nom	113.1
saluer	verbe	112.7
convenir	verbe	112.6
idiot	nom	112.6
titre	nom	112.6
bon	adverbe	112.5
souffler	verbe	112.0
époux	nom	112.0
ange	nom	111.8
prononcer	verbe	111.1
confier	verbe	111.0
personnel	adjectif	111.0
déjeuner	nom	111.0
juge	nom	110.9
secours	nom	110.8
couteau	nom	110.8
débarrasser	verbe	110.7
souci	nom	110.7
grandir	verbe	110.7
taxi	nom	110.6
connaissance	nom	110.6
là-haut	adverbe	110.5
excellent	adjectif	110.4
banque	nom	110.2
camion	nom	110.2
briller	verbe	110.1
public	adjectif	110.1
autorité	nom	110.0
bataille	nom	109.8
théâtre	nom	109.7
dessiner	verbe	109.6
admettre	verbe	109.5
pantalon	nom	109.3
insister	verbe	109.2
point	adverbe	109.2
politique	adjectif	108.9
politique	nom	108.7
lunette	nom	108.6
toilette	nom	108.5
port	nom	108.1
manteau	nom	108.1
nommer	verbe	107.9
balancer	verbe	107.8
récupérer	verbe	107.7
chasse	nom	107.5
caisse	nom	107.4
costume	nom	107.3
idiot	adjectif	107.3
étude	nom	107.3
réaliser	verbe	107.2
ridicule	adjectif	107.1
nuage	nom	107.1
probablement	adverbe	107.0
baiser	nom	106.8
étranger	adjectif	106.4
pénétrer	verbe	106.2
veille	nom	106.1
renoncer	verbe	106.1
lors	adverbe	106.1
rouge	nom	105.5
solution	nom	105.5
croiser	verbe	105.2
froid	nom	105.2
commandant	nom	105.0
nombreux	adjectif	104.9
finalement	adverbe	104.8
arrêt	nom	104.8
sexe	nom	104.8
demande	nom	104.7
amant	nom	104.6
achever	verbe	104.4
fusil	nom	104.3
disposer	verbe	104.2
éclairer	verbe	104.0
agiter	verbe	103.8
refermer	verbe	103.7
sort	nom	103.7
base	nom	103.7
branche	nom	103.7
rideau	nom	103.6
midi	nom	103.6
fruit	nom	103.5
défense	nom	103.2
également	adverbe	103.2
directeur	nom	103.2
saint	nom	103.2
rater	verbe	103.2
convaincre	verbe	103.1
prétendre	verbe	103.1
deuxième	adjectif	103.0
autrement	adverbe	102.9
poussière	nom	102.8
transformer	verbe	102.8
enfuir	verbe	102.7
exprimer	verbe	102.7
jeune	nom	102.6
i	nom	102.4
parfait	adjectif	102.2
compagnon	nom	102.2
menacer	verbe	102.2
sacré	adjectif	102.1
lointain	adjectif	102.1
imposer	verbe	102.0
renvoyer	verbe	101.9
cadavre	nom	101.8
vider	verbe	101.5
étudier	verbe	101.3
avaler	verbe	101.2
vache	nom	101.2
juif	nom	101.1
commun	adjectif	101.0
pendre	verbe	101.0
cesse	nom	100.8
épais	adjectif	100.8
croix	nom	100.7
curieux	adjectif	100.6
ravir	verbe	100.6
admirer	verbe	100.6
franc	nom	100.5
différence	nom	100.3
quart	nom	100.3
pâle	adjectif	100.1
crise	nom	99.9
concerner	verbe	99.8
information	nom	99.8
queue	nom	99.4
caresser	verbe	99.4
effacer	verbe	99.4
veste	nom	99.3
stupide	adjectif	99.2
absence	nom	99.1
refaire	verbe	99.1
miracle	nom	99.0
restaurant	nom	99.0
immédiatement	adverbe	99.0
respecter	verbe	99.0
immeuble	nom	98.8
flamme	nom	98.8
respect	nom	98.6
réunir	verbe	98.6
roman	nom	98.5
bête	adjectif	98.4
trottoir	nom	98.2
blond	adjectif	98.2
victoire	nom	98.2
vitesse	nom	98.0
violence	nom	97.9
résultat	nom	97.8
intéressant	adjectif	97.8
valeur	nom	97.7
hauteur	nom	97.7
là-dedans	adverbe	97.6
parier	verbe	97.6
terme	nom	97.4
chéri	adjectif	97.3
incroyable	adjectif	97.3
rassurer	verbe	97.3
justice	nom	97.2
peinture	nom	97.2
pointe	nom	97.2
éclat	nom	97.0
prêtre	nom	97.0
attaque	nom	97.0
dépendre	verbe	96.8
malheureux	adjectif	96.8
soutenir	verbe	96.8
vide	nom	96.7
chaîne	nom	96.6
masse	nom	96.5
mensonge	nom	96.5
zone	nom	96.4
couverture	nom	96.4
montre	nom	96.2
appareil	nom	96.2
expression	nom	96.1
liste	nom	95.9
vaisseau	nom	95.8
anniversaire	nom	95.8
parfum	nom	95.7
charmant	adjectif	95.7
source	nom	95.6
blague	nom	95.3
ensemble	nom	95.3
bombe	nom	95.2
vague	nom	95.2
comte	nom	95.1
organiser	verbe	95.1
exiger	verbe	95.0
perdu	adjectif	94.9
article	nom	94.8
mince	adjectif	94.8
élève	nom	94.6
usine	nom	94.6
peser	verbe	94.3
abattre	verbe	94.1
rompre	verbe	94.0
distance	nom	94.0
aile	nom	93.9
anglais	adjectif	93.9
compris	adjectif	93.9
poing	nom	93.6
cuir	nom	93.4
précis	adjectif	93.4
drap	nom	93.3
mordre	verbe	93.3
succès	nom	93.3
discours	nom	93.3
intelligent	adjectif	93.2
mieux	nom	93.1
américain	nom	93.1
révéler	verbe	93.0
naturellement	adverbe	93.0
piste	nom	92.9
réparer	verbe	92.8
reine	nom	92.8
assister	verbe	92.8
horrible	adjectif	92.7
univers	nom	92.7
accuser	verbe	92.7
naissance	nom	92.6
vitre	nom	92.6
cerveau	nom	92.5
faible	adjectif	92.4
moyen	adjectif	92.4
goutte	nom	92.3
miroir	nom	92.3
tache	nom	92.3
grâce	nom	92.3
enterrer	verbe	92.3
boule	nom	91.9
laisse	nom	91.8
interrompre	verbe	91.8
dommage	nom	91.7
ami	adjectif	91.7
plat	nom	91.6
survivre	verbe	91.4
sympa	adjectif	91.2
heureusement	adverbe	91.1
haïr	verbe	91.1
résister	verbe	91.1
obéir	verbe	91.0
attitude	nom	90.9
beau	nom	90.9
voleur	nom	90.9
soigner	verbe	90.9
rond	adjectif	90.8
indiquer	verbe	90.6
os	nom	90.5
chauffeur	nom	90.5
bref	adjectif	90.4
leçon	nom	90.2
chier	verbe	90.2
nettoyer	verbe	90.1
e	nom	89.9
contenter	verbe	89.7
génie	nom	89.6
oeuf	nom	89.5
fouiller	verbe	89.5
monstre	nom	89.5
double	adjectif	89.5
viande	nom	89.4
inspecteur	nom	89.4
solitude	nom	89.4
claquer	verbe	89.3
creuser	verbe	89.3
humeur	nom	89.3
cellule	nom	89.3
con	adjectif	89.2
môme	nom	89.2
rapidement	adverbe	89.1
contenir	verbe	89.0
club	nom	88.9
attente	nom	88.9
puissance	nom	88.9
condamner	verbe	88.7
printemps	nom	88.7
formidable	adjectif	88.5
trahir	verbe	88.4
palais	nom	88.3
qualité	nom	88.2
supplier	verbe	88.1
aube	nom	88.1
quai	nom	88.0
étouffer	verbe	88.0
fabriquer	verbe	87.9
troisième	adjectif	87.9
faillir	verbe	87.8
puissant	adjectif	87.7
fumée	nom	87.6
presse	nom	87.6
coincer	verbe	87.6
salope	nom	87.5
méchant	adjectif	87.4
gâteau	nom	87.3
siège	nom	87.3
remuer	verbe	87.3
bosser	verbe	87.2
visiter	verbe	87.1
élément	nom	87.1
examiner	verbe	87.0
kilomètre	nom	87.0
corde	nom	87.0
distinguer	verbe	86.9
douceur	nom	86.9
angoisse	nom	86.8
accueillir	verbe	86.7
artiste	nom	86.7
étroit	adjectif	86.6
danse	nom	86.5
rang	nom	86.5
nerveux	adjectif	86.2
gloire	nom	86.2
repousser	verbe	86.1
silencieux	adjectif	86.1
contrôle	nom	85.9
émotion	nom	85.9
vieil	adjectif	85.9
dessin	nom	85.9
repos	nom	85.9
ben	nom	85.6
haine	nom	85.6
céder	verbe	85.6
échanger	verbe	85.6
joyeux	adjectif	85.5
déplacer	verbe	85.5
véritable	adjectif	85.4
crâne	nom	85.4
aise	nom	85.4
dire	nom	85.3
verser	verbe	85.2
détacher	verbe	85.2
fortune	nom	85.1
excuse	nom	85.1
évoquer	verbe	85.1
public	nom	85.0
réunion	nom	85.0
inconnu	adjectif	85.0
moteur	nom	84.7
m	nom	84.6
terrasse	nom	84.6
commettre	verbe	84.6
trésor	nom	84.6
certes	adverbe	84.5
fait	adjectif	84.5
tombe	nom	84.5
malade	nom	84.4
social	adjectif	84.2
établir	verbe	84.2
alcool	nom	84.1
surgir	verbe	84.1
fantôme	nom	84.1
planète	nom	84.0
samedi	nom	84.0
unité	nom	83.9
subir	verbe	83.8
franchir	verbe	83.7
don	nom	83.6
niveau	nom	83.6
mode	nom	83.4
mignon	adjectif	83.3
lier	verbe	83.2
rat	nom	83.2
brillant	adjectif	83.2
provoquer	verbe	83.0
empire	nom	83.0
environ	adverbe	83.0
tendre	adjectif	82.8
rayon	nom	82.7
abri	nom	82.7
pardon	nom	82.5
adieu	nom	82.5
cuisse	nom	82.5
comité	nom	82.4
bleu	nom	82.3
talent	nom	82.3
contrôler	verbe	82.1
sur	adjectif	82.1
goûter	verbe	82.1
honnête	adjectif	82.1
vaste	adjectif	82.1
colline	nom	82.0
dessus	nom	82.0
rose	nom	82.0
fournir	verbe	82.0
réserver	verbe	81.9
demi	adjectif	81.8
vu	adjectif	81.8
saison	nom	81.5
inquiet	adjectif	81.5
région	nom	81.5
fesse	nom	81.5
rigoler	verbe	81.4
brun	adjectif	81.3
démon	nom	81.3
lycée	nom	81.3
uniforme	nom	81.2
caractère	nom	81.0
tapis	nom	81.0
chaud	adverbe	80.8
russe	adjectif	80.8
paysan	nom	80.6
lent	adjectif	80.5
maîtresse	nom	80.5
millier	nom	80.4
portrait	nom	80.3
recouvrir	verbe	80.3
accomplir	verbe	80.2
commissaire	nom	80.1
circonstance	nom	80.0
veiller	verbe	80.0
limite	nom	80.0
parfaire	verbe	79.9
suivant	adjectif	79.9
rapprocher	verbe	79.8
surface	nom	79.8
réel	adjectif	79.7
nul	adjectif	79.6
retraite	nom	79.6
déchirer	verbe	79.6
sauvage	adjectif	79.3
emmerder	verbe	79.3
enquête	nom	79.3
arrivé	adjectif	79.2
combattre	verbe	79.2
affirmer	verbe	79.1
pire	nom	79.1
joindre	verbe	79.1
mystère	nom	79.0
conclure	verbe	79.0
style	nom	79.0
particulier	adjectif	78.9
soudain	adjectif	78.9
précipiter	verbe	78.8
cave	nom	78.8
savoir	nom	78.7
fatigue	nom	78.7
rassembler	verbe	78.7
prière	nom	78.7
obscur	adjectif	78.6
opinion	nom	78.5
réduire	verbe	78.5
habituer	verbe	78.3
marre	adverbe	78.2
prisonnier	nom	78.1
explication	nom	78.0
marque	nom	78.0
pot	nom	77.9
résoudre	verbe	77.9
assiette	nom	77.9
exploser	verbe	77.8
fermé	adjectif	77.8
rattraper	verbe	77.7
utile	adjectif	77.7
tendresse	nom	77.6
énerver	verbe	77.5
louer	verbe	77.5
silhouette	nom	77.4
égal	adjectif	77.4
territoire	nom	77.3
paysage	nom	77.3
vision	nom	77.3
parcourir	verbe	77.3
superbe	adjectif	77.3
sou	nom	77.2
banc	nom	77.2
souffrance	nom	77.2
date	nom	77.2
botte	nom	77.1
aveugle	adjectif	77.0
britannique	adjectif	77.0
bouton	nom	76.9
vain	adjectif	76.9
parc	nom	76.8
désigner	verbe	76.7
flotter	verbe	76.6
étudiant	nom	76.5
tueur	nom	76.5
violent	adjectif	76.5
chasseur	nom	76.5
allure	nom	76.4
rivière	nom	76.4
plat	adjectif	76.4
éternel	adjectif	76.4
charme	nom	76.4
sourd	adjectif	76.4
agréable	adjectif	76.2
imagination	nom	76.2
urgence	nom	76.1
série	nom	76.1
cercle	nom	76.0
super	nom	76.0
nourriture	nom	75.9
vague	adjectif	75.9
infirmier	nom	75.8
disque	nom	75.8
noter	verbe	75.8
bouffer	verbe	75.8
russe	nom	75.7
assassin	nom	75.7
choc	nom	75.7
principal	adjectif	75.6
programme	nom	75.6
tâche	nom	75.5
cimetière	nom	75.5
boutique	nom	75.5
matière	nom	75.4
maigre	adjectif	75.4
vrai	nom	75.3
plume	nom	75.3
ouvrier	nom	75.3
soupirer	verbe	75.3
coupe	nom	75.2
horizon	nom	75.2
envahir	verbe	75.1
frontière	nom	75.0
guérir	verbe	75.0
secrétaire	nom	75.0
examen	nom	74.9
origine	nom	74.9
loup	nom	74.8
égard	nom	74.8
barbe	nom	74.7
au-delà	adverbe	74.7
fiancé	nom	74.6
allée	nom	74.5
menace	nom	74.5
affreux	adjectif	74.4
coupable	adjectif	74.4
blessure	nom	74.4
lien	nom	74.3
lutter	verbe	74.2
charge	nom	74.1
changement	nom	74.1
imbécile	nom	74.1
perte	nom	74.1
principe	nom	73.9
cracher	verbe	73.7
hausser	verbe	73.7
manche	nom	73.6
participer	verbe	73.6
écrivain	nom	73.6
match	nom	73.5
meuble	nom	73.5
promenade	nom	73.5
redresser	verbe	73.3
complet	adjectif	73.3
mystérieux	adjectif	73.3
voyager	verbe	73.2
contempler	verbe	73.0
vers	nom	73.0
énergie	nom	72.7
carrière	nom	72.7
réserve	nom	72.7
apparemment	adverbe	72.6
éveiller	verbe	72.6
drogue	nom	72.5
ordonner	verbe	72.4
supérieur	adjectif	72.4
promesse	nom	72.4
tantôt	adverbe	72.4
quelquefois	adverbe	72.3
raser	verbe	72.3
grimper	verbe	72.2
navire	nom	72.2
foncer	verbe	72.1
venu	adjectif	72.1
sueur	nom	72.1
nation	nom	72.0
demain	nom	72.0
mise	nom	71.9
fameux	adjectif	71.8
lapin	nom	71.7
plateau	nom	71.7
patient	nom	71.7
figurer	verbe	71.6
inspirer	verbe	71.6
légèrement	adverbe	71.5
mouche	nom	71.5
vêtir	verbe	71.5
péché	nom	71.5
déjeuner	verbe	71.4
canon	nom	71.2
révolution	nom	71.1
centaine	nom	71.0
collègue	nom	71.0
rejeter	verbe	71.0
angle	nom	70.9
bien	adjectif	70.8
lueur	nom	70.8
censé	adjectif	70.6
ferme	adjectif	70.3
lecture	nom	70.3
soupe	nom	70.3
réclamer	verbe	70.3
sage	adjectif	70.2
conserver	verbe	70.2
mai	nom	70.2
extraordinaire	adjectif	70.2
régner	verbe	70.2
dingue	adjectif	70.2
propriétaire	nom	70.0
confondre	verbe	70.0
furieux	adjectif	69.9
procès	nom	69.7
résistance	nom	69.7
épreuve	nom	69.7
retomber	verbe	69.6
désert	nom	69.5
étaler	verbe	69.5
minuscule	adjectif	69.4
grille	nom	69.2
détourner	verbe	69.2
clef	nom	69.2
passe	nom	68.9
etc	adverbe	68.9
jaloux	adjectif	68.9
voile	nom	68.8
sorcier	nom	68.8
coffre	nom	68.7
fâcher	verbe	68.6
invisible	adjectif	68.6
o	nom	68.6
poule	nom	68.5
décrire	verbe	68.5
avertir	verbe	68.5
fleuve	nom	68.5
bel	adjectif	68.4
boue	nom	68.4
curiosité	nom	68.4
minuit	nom	68.4
invité	nom	68.3
faveur	nom	68.3
contrat	nom	68.2
paupière	nom	68.2
inscrire	verbe	68.1
gâcher	verbe	68.1
constater	verbe	68.0
détendre	verbe	68.0
rechercher	verbe	67.9
chant	nom	67.9
baigner	verbe	67.8
masque	nom	67.8
responsable	adjectif	67.8
domaine	nom	67.8
commandement	nom	67.7
bénir	verbe	67.7
bêtise	nom	67.7
fièvre	nom	67.6
curé	nom	67.5
période	nom	67.5
débrouiller	verbe	67.5
fatigué	adjectif	67.5
juif	adjectif	67.4
soif	nom	67.4
pis	adverbe	67.3
j	nom	67.2
crainte	nom	67.2
col	nom	67.2
incapable	adjectif	67.2
conseiller	verbe	67.0
allié	nom	67.0
mesurer	verbe	66.9
effrayer	verbe	66.9
fonctionner	verbe	66.9
vieillard	nom	66.9
essuyer	verbe	66.8
cool	adjectif	66.8
priver	verbe	66.8
sexuel	adjectif	66.7
entreprise	nom	66.7
plaque	nom	66.6
poulet	nom	66.6
menton	nom	66.6
illusion	nom	66.5
chute	nom	66.4
rythme	nom	66.4
prise	nom	66.3
code	nom	66.3
dominer	verbe	66.3
total	adjectif	66.2
responsabilité	nom	66.2
évident	adjectif	66.2
apparence	nom	66.2
récit	nom	66.0
boulevard	nom	66.0
majesté	nom	66.0
misère	nom	66.0
saint	adjectif	66.0
gros	nom	65.9
brave	adjectif	65.9
chocolat	nom	65.9
noyer	verbe	65.9
directement	adverbe	65.8
ongle	nom	65.8
appliquer	verbe	65.7
employer	verbe	65.7
chagrin	nom	65.7
sensible	adjectif	65.6
journaliste	nom	65.6
viser	verbe	65.6
difficulté	nom	65.5
pisser	verbe	65.5
race	nom	65.5
auteur	nom	65.4
célèbre	adjectif	65.2
échange	nom	65.2
félicitation	nom	65.2
lutte	nom	65.0
démarrer	verbe	65.0
gaz	nom	65.0
sommet	nom	64.9
cruel	adjectif	64.9
sucre	nom	64.8
répandre	verbe	64.7
juin	nom	64.7
inconnu	nom	64.7
reprocher	verbe	64.6
plier	verbe	64.6
humide	adjectif	64.5
solide	adjectif	64.5
bâtiment	nom	64.4
coude	nom	64.4
linge	nom	64.3
roue	nom	64.3
patience	nom	64.3
opposer	verbe	64.2
sensation	nom	64.2
gonfler	verbe	64.1
science	nom	64.0
voisin	adjectif	64.0
hâte	nom	64.0
vélo	nom	64.0
empereur	nom	64.0
lac	nom	64.0
pointer	verbe	64.0
facilement	adverbe	63.9
gardien	nom	63.9
jadis	adverbe	63.8
précieux	adjectif	63.8
intérieur	adjectif	63.8
obscurité	nom	63.7
texte	nom	63.7
cauchemar	nom	63.6
renverser	verbe	63.5
faîte	nom	63.5
là-dessus	adverbe	63.4
constituer	verbe	63.4
droit	adverbe	63.4
fuite	nom	63.3
franchement	adverbe	63.3
piège	nom	63.3
gras	adjectif	63.2
satisfaire	verbe	63.2
assurance	nom	63.0
enchanté	adjectif	63.0
transporter	verbe	63.0
tarder	verbe	62.8
exécuter	verbe	62.8
signal	nom	62.7
essence	nom	62.7
frotter	verbe	62.7
méfier	verbe	62.6
emprunter	verbe	62.6
caméra	nom	62.5
créature	nom	62.5
innocent	adjectif	62.4
usage	nom	62.4
italien	adjectif	62.4
activité	nom	62.4
ménage	nom	62.4
champagne	nom	62.4
jupe	nom	62.4
statue	nom	62.3
août	nom	62.3
venger	verbe	62.2
longuement	adverbe	62.2
tristesse	nom	62.1
peintre	nom	62.1
atelier	nom	62.0
colonne	nom	62.0
manque	nom	62.0
soie	nom	62.0
punir	verbe	61.8
semblable	adjectif	61.8
concert	nom	61.8
gai	adjectif	61.8
bloquer	verbe	61.7
malin	adjectif	61.7
composer	verbe	61.6
c	nom	61.6
disputer	verbe	61.4
lundi	nom	61.4
confirmer	verbe	61.4
rage	nom	61.3
cogner	verbe	61.3
paradis	nom	61.3
jouir	verbe	61.2
fragile	adjectif	61.2
bus	nom	61.2
marchand	nom	61.1
sérieusement	adverbe	61.1
repasser	verbe	61.1
bref	adverbe	61.0
enceinte	adjectif	61.0
gant	nom	61.0
auto	nom	61.0
modèle	nom	61.0
test	nom	61.0
talon	nom	61.0
carton	nom	60.9
huile	nom	60.9
serviette	nom	60.7
plafond	nom	60.7
bibliothèque	nom	60.6
exposer	verbe	60.6
désert	adjectif	60.6
nerf	nom	60.6
automne	nom	60.6
digne	adjectif	60.6
chiffre	nom	60.4
efforcer	verbe	60.3
noble	adjectif	60.3
mille	nom	60.3
fidèle	adjectif	60.2
frais	nom	60.2
séjour	nom	60.2
net	adjectif	60.2
emploi	nom	60.1
cage	nom	60.1
accent	nom	60.1
organisation	nom	60.1
rumeur	nom	60.1
disposition	nom	60.1
divers	adjectif	60.1
débarquer	verbe	60.0
volontiers	adverbe	60.0
muet	adjectif	60.0
douche	nom	59.9
sécher	verbe	59.9
fonction	nom	59.9
foyer	nom	59.8
y	nom	59.8
esclave	nom	59.8
religion	nom	59.8
entretenir	verbe	59.7
poignée	nom	59.7
dissimuler	verbe	59.7
septembre	nom	59.6
délicat	adjectif	59.5
futur	adjectif	59.5
juillet	nom	59.5
guetter	verbe	59.5
métro	nom	59.5
regagner	verbe	59.3
to	nom	59.3
embarquer	verbe	59.3
familier	adjectif	59.2
régime	nom	59.2
informer	verbe	59.1
métal	nom	59.1
barrer	verbe	59.1
estimer	verbe	59.0
pression	nom	59.0
identité	nom	59.0
ôter	verbe	58.8
week-end	nom	58.8
exercer	verbe	58.8
in	adjectif	58.8
instrument	nom	58.8
nuque	nom	58.8
envoler	verbe	58.7
violer	verbe	58.6
poète	nom	58.6
user	verbe	58.6
épuiser	verbe	58.5
concentrer	verbe	58.5
cabinet	nom	58.5
craquer	verbe	58.4
repérer	verbe	58.4
privé	adjectif	58.3
génération	nom	58.3
mouiller	verbe	58.3
poème	nom	58.2
armer	verbe	58.2
bagnole	nom	58.2
pompe	nom	58.1
singe	nom	58.0
échec	nom	58.0
prof	nom	58.0
prudent	adjectif	58.0
épée	nom	58.0
tabac	nom	57.9
délicieux	adjectif	57.9
moustache	nom	57.9
doré	adjectif	57.8
percer	verbe	57.8
ceinture	nom	57.8
intervenir	verbe	57.7
semblant	nom	57.7
empreinte	nom	57.7
ordure	nom	57.6
extrême	adjectif	57.6
préciser	verbe	57.6
demi	adverbe	57.6
désespoir	nom	57.5
identifier	verbe	57.4
gendarme	nom	57.4
incliner	verbe	57.4
dévorer	verbe	57.3
drapeau	nom	57.3
ruine	nom	57.3
unir	verbe	57.3
reflet	nom	57.2
entièrement	adverbe	57.1
réaction	nom	57.1
discussion	nom	57.1
flingue	nom	57.0
prétexte	nom	56.9
volant	nom	56.9
filet	nom	56.9
employé	nom	56.9
plante	nom	56.9
défaut	nom	56.8
inquiétude	nom	56.8
avantage	nom	56.8
saigner	verbe	56.7
réagir	verbe	56.6
division	nom	56.6
bas	adverbe	56.5
pressé	adjectif	56.5
rocher	nom	56.5
vaguement	adverbe	56.5
consacrer	verbe	56.5
malheureusement	adverbe	56.4
connard	nom	56.4
persuader	verbe	56.4
possibilité	nom	56.4
avenue	nom	56.4
cadre	nom	56.4
prénom	nom	56.3
monnaie	nom	56.3
enfiler	verbe	56.3
flot	nom	56.2
vertu	nom	56.2
électrique	adjectif	56.2
emplir	verbe	56.1
blond	nom	56.1
bloc	nom	56.1
imiter	verbe	56.0
nager	verbe	56.0
moderne	adjectif	56.0
tribunal	nom	56.0
tasse	nom	56.0
revolver	nom	55.9
désordre	nom	55.9
placard	nom	55.9
dizaine	nom	55.8
bal	nom	55.8
policier	nom	55.8
auparavant	adverbe	55.7
élevé	adjectif	55.7
whisky	nom	55.7
université	nom	55.6
habituel	adjectif	55.6
concours	nom	55.6
intelligence	nom	55.6
ouest	nom	55.6
porc	nom	55.5
fondre	verbe	55.5
redevenir	verbe	55.5
culotte	nom	55.4
revanche	nom	55.4
signaler	verbe	55.4
décrocher	verbe	55.4
cheminée	nom	55.4
central	adjectif	55.4
seuil	nom	55.4
armoire	nom	55.3
séance	nom	55.3
pourvoir	verbe	55.3
dehors	nom	55.2
poupée	nom	55.2
gaffe	nom	55.1
veine	nom	55.1
habit	nom	55.1
comporter	verbe	55.1
ancien	nom	55.1
soumettre	verbe	55.1
cabine	nom	55.1
sel	nom	55.1
enseigner	verbe	55.0
publier	verbe	55.0
cher	adverbe	55.0
puer	verbe	54.9
décevoir	verbe	54.9
planche	nom	54.9
drame	nom	54.8
pêche	nom	54.8
cérémonie	nom	54.8
maudit	adjectif	54.7
consulter	verbe	54.7
douloureux	adjectif	54.7
sous-titrage	nom	54.6
entreprendre	verbe	54.6
exciter	verbe	54.6
absurde	adjectif	54.5
voiler	verbe	54.5
estomac	nom	54.5
tradition	nom	54.5
pente	nom	54.5
luxe	nom	54.5
merveille	nom	54.5
soupçonner	verbe	54.5
paire	nom	54.4
médicament	nom	54.4
ballon	nom	54.3
suggérer	verbe	54.3
cloche	nom	54.3
troubler	verbe	54.3
officiel	adjectif	54.2
fromage	nom	54.2
raccrocher	verbe	54.2
conséquence	nom	54.1
opérer	verbe	54.1
pré	nom	54.1
bagage	nom	54.1
rive	nom	54.1
aspect	nom	54.1
langage	nom	54.0
messe	nom	54.0
décor	nom	54.0
station	nom	54.0
lion	nom	53.9
tenue	nom	53.9
regret	nom	53.8
piger	verbe	53.7
pile	nom	53.7
pistolet	nom	53.7
océan	nom	53.7
profondément	adverbe	53.6
vaincre	verbe	53.5
piano	nom	53.5
sourcil	nom	53.5
buter	verbe	53.5
paille	nom	53.5
approche	nom	53.4
libération	nom	53.4
poudre	nom	53.4
forcément	adverbe	53.4
grange	nom	53.3
accès	nom	53.3
canard	nom	53.3
suspendre	verbe	53.3
serpent	nom	53.3
serré	adjectif	53.3
siffler	verbe	53.2
portier	nom	53.2
nana	nom	53.2
marié	nom	53.2
sérieux	nom	53.2
affronter	verbe	53.1
mets	nom	53.1
luire	verbe	53.0
fêter	verbe	53.0
couche	nom	52.9
tracer	verbe	52.9
poignet	nom	52.8
s	nom	52.8
nouvel	adjectif	52.8
magique	adjectif	52.8
produit	nom	52.8
creux	nom	52.8
vieillir	verbe	52.7
bague	nom	52.7
aimable	adjectif	52.7
cochon	nom	52.7
instruction	nom	52.6
physique	adjectif	52.6
écho	nom	52.6
orage	nom	52.5
patrie	nom	52.5
tard	nom	52.5
flanc	nom	52.5
épargner	verbe	52.3
sud	nom	52.3
liaison	nom	52.3
mlle	nom	52.2
blessé	nom	52.2
instinct	nom	52.2
certitude	nom	52.1
chevalier	nom	52.1
emparer	verbe	52.1
cravate	nom	52.0
c'est-à-dire	adverbe	52.0
royal	adjectif	51.9
comparer	verbe	51.9
comédie	nom	51.8
chou	nom	51.8
explosion	nom	51.8
raisonnable	adjectif	51.8
tiroir	nom	51.7
envelopper	verbe	51.7
glacé	adjectif	51.7
barque	nom	51.7
chapitre	nom	51.6
absolu	adjectif	51.6
justifier	verbe	51.6
chauffer	verbe	51.5
vendredi	nom	51.5
voyageur	nom	51.5
divin	adjectif	51.5
matériel	nom	51.5
approuver	verbe	51.5
las	adjectif	51.5
particulièrement	adverbe	51.4
évidence	nom	51.4
italien	nom	51.4
façade	nom	51.4
lame	nom	51.3
stop	nom	51.3
échouer	verbe	51.2
ascenseur	nom	51.2
vierge	adjectif	51.2
assis	adjectif	51.2
autoriser	verbe	51.2
culture	nom	51.2
veuf	nom	51.1
rougir	verbe	51.1
zéro	nom	51.1
pouce	nom	51.1
tempête	nom	51.0
guider	verbe	51.0
sergent	nom	51.0
adulte	nom	51.0
tir	nom	51.0
balcon	nom	50.9
moral	adjectif	50.9
tailler	verbe	50.9
sport	nom	50.8
dérouler	verbe	50.8
augmenter	verbe	50.8
coiffer	verbe	50.8
déconner	verbe	50.8
totalement	adverbe	50.8
télévision	nom	50.7
jugement	nom	50.7
soulager	verbe	50.7
fixe	adjectif	50.6
fonder	verbe	50.6
populaire	adjectif	50.6
tordre	verbe	50.6
gratter	verbe	50.6
conviction	nom	50.5
âgé	adjectif	50.5
atmosphère	nom	50.5
rond	nom	50.5
intime	adjectif	50.4
élan	nom	50.4
équilibre	nom	50.4
marbre	nom	50.4
tissu	nom	50.3
villa	nom	50.3
permission	nom	50.3
exprès	adjectif	50.3
incident	nom	50.3
grain	nom	50.3
couille	nom	50.2
télégramme	nom	50.2
comptoir	nom	50.2
parer	verbe	50.2
muscle	nom	50.1
champion	nom	50.1
commande	nom	50.1
écrouler	verbe	50.1
exercice	nom	50.0
écriture	nom	50.0
foutu	adjectif	50.0
témoigner	verbe	50.0
dépit	nom	49.9
extérieur	nom	49.9
studio	nom	49.9
voeu	nom	49.9
étonnant	adjectif	49.9
demi-heure	nom	49.8
éternité	nom	49.8
carreau	nom	49.8
féminin	adjectif	49.8
fréquenter	verbe	49.8
méthode	nom	49.7
traduire	verbe	49.7
régulier	adjectif	49.6
balayer	verbe	49.6
jeudi	nom	49.6
embêter	verbe	49.5
commerce	nom	49.5
exagérer	verbe	49.5
transmettre	verbe	49.5
bourrer	verbe	49.5
photographie	nom	49.4
vomir	verbe	49.4
vierge	nom	49.4
garage	nom	49.4
population	nom	49.3
degré	nom	49.3
impressionner	verbe	49.2
écart	nom	49.2
pipe	nom	49.2
vallée	nom	49.2
union	nom	49.2
déshabiller	verbe	49.2
star	nom	49.2
sacrifice	nom	49.2
écrier	verbe	49.2
prisonnier	adjectif	49.1
musée	nom	49.1
soucier	verbe	49.1
baron	nom	49.1
envisager	verbe	49.1
jaillir	verbe	49.0
civil	adjectif	49.0
miss	nom	48.9
panier	nom	48.9
impliquer	verbe	48.9
heurter	verbe	48.8
danseur	nom	48.7
boucle	nom	48.7
protester	verbe	48.7
marrer	verbe	48.7
discret	adjectif	48.6
blé	nom	48.6
dénoncer	verbe	48.6
caillou	nom	48.6
satisfaction	nom	48.6
direct	adjectif	48.6
tiède	adjectif	48.6
enterrement	nom	48.5
aiguille	nom	48.5
ordinaire	adjectif	48.5
urgent	adjectif	48.5
familial	adjectif	48.5
crédit	nom	48.5
royaume	nom	48.5
courrier	nom	48.4
nier	verbe	48.4
file	nom	48.4
percevoir	verbe	48.4
bâton	nom	48.4
ralentir	verbe	48.4
acier	nom	48.3
manifester	verbe	48.3
casquette	nom	48.3
humain	nom	48.3
joueur	nom	48.3
situer	verbe	48.3
avant	adjectif	48.3
confus	adjectif	48.2
progrès	nom	48.2
amusant	adjectif	48.2
bougie	nom	48.2
barre	nom	48.2
assistant	nom	48.1
visiteur	nom	48.1
boucler	verbe	48.1
marrant	adjectif	48.1
octobre	nom	48.1
tremper	verbe	48.0
rein	nom	48.0
compliqué	adjectif	48.0
péter	verbe	47.9
shérif	nom	47.9
galerie	nom	47.8
légende	nom	47.8
enregistrer	verbe	47.8
appétit	nom	47.7
éducation	nom	47.7
motif	nom	47.7
théorie	nom	47.7
brume	nom	47.6
humanité	nom	47.6
armé	adjectif	47.6
dessous	nom	47.6
précisément	adverbe	47.6
consoler	verbe	47.6
annuler	verbe	47.6
quotidien	adjectif	47.6
ambassadeur	nom	47.6
destiner	verbe	47.5
volet	nom	47.5
pli	nom	47.4
dignité	nom	47.4
déborder	verbe	47.4
marin	nom	47.3
tuyau	nom	47.3
précéder	verbe	47.3
tendu	adjectif	47.3
portée	nom	47.2
raide	adjectif	47.1
généreux	adjectif	47.0
réveil	nom	47.0
écran	nom	47.0
formule	nom	46.9
ressortir	verbe	46.9
émouvoir	verbe	46.9
secteur	nom	46.8
lumineux	adjectif	46.8
individu	nom	46.8
brûlant	adjectif	46.8
kilo	nom	46.7
nègre	nom	46.7
entretien	nom	46.7
réjouir	verbe	46.6
catastrophe	nom	46.6
concevoir	verbe	46.6
matinée	nom	46.6
moine	nom	46.5
vente	nom	46.5
uniquement	adverbe	46.5
dépenser	verbe	46.5
jouet	nom	46.5
moche	adjectif	46.5
chinois	adjectif	46.5
bouquet	nom	46.4
mouillé	adjectif	46.4
pilote	nom	46.4
fini	adjectif	46.4
faiblesse	nom	46.3
précaution	nom	46.3
arabe	nom	46.3
suicide	nom	46.2
éclair	nom	46.2
voyou	nom	46.2
troisième	nom	46.1
assassiner	verbe	46.1
habitant	nom	46.1
mouchoir	nom	46.1
offre	nom	46.1
brouillard	nom	46.1
gémir	verbe	46.1
enveloppe	nom	46.1
salade	nom	46.1
cendre	nom	46.0
hippo	nom	46.0
ivre	adjectif	46.0
conduite	nom	46.0
espagnol	adjectif	45.9
profondeur	nom	45.9
roux	adjectif	45.9
sacrifier	verbe	45.9
échelle	nom	45.9
aborder	verbe	45.7
endormi	adjectif	45.7
mouton	nom	45.7
rarement	adverbe	45.7
impossible	nom	45.6
délivrer	verbe	45.6
communiquer	verbe	45.6
vert	nom	45.6
soulier	nom	45.4
découper	verbe	45.4
jus	nom	45.4
littérature	nom	45.4
laid	adjectif	45.4
vengeance	nom	45.3
sain	adjectif	45.3
large	nom	45.2
vivant	nom	45.2
insulter	verbe	45.2
canne	nom	45.2
rigueur	nom	45.2
semer	verbe	45.2
garer	verbe	45.2
brutal	adjectif	45.2
redouter	verbe	45.2
cavalier	nom	45.1
franc	adjectif	45.1
brique	nom	45.1
arrière	adjectif	45.1
crème	nom	45.1
outil	nom	45.1
carnet	nom	45.0
adopter	verbe	45.0
orgueil	nom	45.0
ouverture	nom	45.0
communication	nom	45.0
scandale	nom	45.0
cassé	adjectif	44.9
réellement	adverbe	44.9
cabane	nom	44.8
loger	verbe	44.8
pourrir	verbe	44.8
renseigner	verbe	44.7
saloperie	nom	44.7
absent	adjectif	44.7
envier	verbe	44.7
casque	nom	44.6
citer	verbe	44.6
canal	nom	44.5
défaire	verbe	44.5
maréchal	nom	44.5
souris	nom	44.5
réflexion	nom	44.5
moto	nom	44.5
racine	nom	44.5
four	nom	44.4
tournée	nom	44.4
citoyen	nom	44.3
cercueil	nom	44.3
cible	nom	44.3
affection	nom	44.3
assaut	nom	44.3
poubelle	nom	44.2
plaisanterie	nom	44.2
mortel	adjectif	44.2
ça	nom	44.2
véhicule	nom	44.2
enfoiré	nom	44.1
perspective	nom	44.1
continue	adjectif	44.0
revue	nom	44.0
flotte	nom	44.0
paisible	adjectif	44.0
mépris	nom	43.9
connu	adjectif	43.9
réputation	nom	43.9
traitement	nom	43.9
évanouir	verbe	43.9
soupir	nom	43.8
intact	adjectif	43.8
distraire	verbe	43.8
couronne	nom	43.8
vase	nom	43.7
professionnel	adjectif	43.7
criminel	nom	43.7
essai	nom	43.6
pour	nom	43.6
alliance	nom	43.6
profil	nom	43.6
mémé	nom	43.6
étirer	verbe	43.6
partenaire	nom	43.5
filmer	verbe	43.5
apaiser	verbe	43.5
fierté	nom	43.5
diamant	nom	43.5
défiler	verbe	43.5
laine	nom	43.4
plaine	nom	43.4
médical	adjectif	43.4
phare	nom	43.4
propriété	nom	43.3
chapelle	nom	43.3
prêt	nom	43.3
avril	nom	43.3
émission	nom	43.3
bâtir	verbe	43.2
beurre	nom	43.1
proie	nom	43.1
introduire	verbe	43.1
bousculer	verbe	43.1
correspondre	verbe	43.1
oreiller	nom	43.1
wagon	nom	43.0
couvent	nom	43.0
hocher	verbe	42.9
plomb	nom	42.9
nocturne	adjectif	42.9
tente	nom	42.9
encourager	verbe	42.8
ouvrage	nom	42.8
cirque	nom	42.8
bol	nom	42.8
interminable	adjectif	42.8
lâche	adjectif	42.8
baraque	nom	42.7
déménager	verbe	42.7
enthousiasme	nom	42.7
province	nom	42.7
reprise	nom	42.7
mépriser	verbe	42.6
collection	nom	42.6
proposition	nom	42.6
section	nom	42.6
projeter	verbe	42.5
ténèbres	nom	42.5
transport	nom	42.5
assemblée	nom	42.5
ours	nom	42.5
tronc	nom	42.4
grève	nom	42.4
protection	nom	42.4
attentif	adjectif	42.4
second	nom	42.4
congé	nom	42.4
conseiller	nom	42.3
sentier	nom	42.3
modeste	adjectif	42.3
cuisinier	nom	42.3
incendie	nom	42.3
terreur	nom	42.3
dalle	nom	42.2
déclencher	verbe	42.1
aéroport	nom	42.1
crétin	nom	42.1
cigare	nom	42.1
cuire	verbe	42.1
rock	nom	42.0
maire	nom	42.0
sincère	adjectif	42.0
amer	adjectif	42.0
découverte	nom	42.0
menteur	nom	42.0
sacrer	verbe	42.0
personnel	nom	42.0
sucer	verbe	42.0
commission	nom	41.9
indifférence	nom	41.9
chèque	nom	41.9
conférence	nom	41.9
marié	adjectif	41.9
renseignement	nom	41.9
panique	nom	41.8
développer	verbe	41.8
novembre	nom	41.8
fureur	nom	41.8
plainte	nom	41.8
taule	nom	41.7
cuivre	nom	41.7
bijoux	nom	41.7
grec	adjectif	41.6
déclaration	nom	41.6
international	adjectif	41.5
timide	adjectif	41.5
ambition	nom	41.5
demeure	nom	41.5
foie	nom	41.5
affecter	verbe	41.4
crayon	nom	41.4
suicider	verbe	41.4
ordinateur	nom	41.4
respiration	nom	41.4
impatience	nom	41.4
plus	nom	41.4
carrefour	nom	41.4
clou	nom	41.3
pédé	nom	41.3
hanche	nom	41.3
chanteur	nom	41.2
puits	nom	41.2
pâte	nom	41.2
bouquin	nom	41.2
pénible	adjectif	41.2
com	nom	41.2
mars	nom	41.2
compliquer	verbe	41.2
amoureux	nom	41.1
juste	nom	41.1
circuler	verbe	41.0
exécution	nom	41.0
contacter	verbe	41.0
poésie	nom	41.0
torturer	verbe	41.0
chinois	nom	41.0
local	adjectif	41.0
pourri	adjectif	40.9
agence	nom	40.9
aspirer	verbe	40.9
mélange	nom	40.9
prochain	nom	40.9
mèche	nom	40.9
décoller	verbe	40.9
document	nom	40.9
extérieur	adjectif	40.9
magie	nom	40.9
toutefois	adverbe	40.8
vitrine	nom	40.8
bouleverser	verbe	40.8
exception	nom	40.8
économie	nom	40.8
procurer	verbe	40.7
excellence	nom	40.7
piscine	nom	40.7
essentiel	nom	40.7
apparition	nom	40.7
courageux	adjectif	40.6
bavarder	verbe	40.6
étrangler	verbe	40.6
planquer	verbe	40.5
bondir	verbe	40.5
consentir	verbe	40.5
geler	verbe	40.4
b	nom	40.4
réciter	verbe	40.4
possession	nom	40.4
annonce	nom	40.4
féliciter	verbe	40.4
bonhomme	nom	40.4
guide	nom	40.4
catholique	adjectif	40.3
raccompagner	verbe	40.3
prolonger	verbe	40.3
quant	nom	40.2
concierge	nom	40.2
velours	nom	40.2
plaquer	verbe	40.2
solitaire	adjectif	40.1
asile	nom	40.1
pause	nom	40.1
gouverneur	nom	40.1
cité	nom	40.1
puce	nom	40.1
tranquillement	adverbe	40.1
animer	verbe	40.1
ronger	verbe	40.1
ticket	nom	40.1
espagnol	nom	40.0
vilain	adjectif	40.0
redescendre	verbe	40.0
capitale	nom	40.0
copie	nom	40.0
recueillir	verbe	40.0
replier	verbe	40.0
suivant	nom	40.0
tranchée	nom	39.9
mardi	nom	39.9
collier	nom	39.9
mou,mol	adjectif	39.9
administration	nom	39.8
bouge	nom	39.8
religieux	adjectif	39.8
définitif	adjectif	39.8
décembre	nom	39.8
drôle	nom	39.7
nécessité	nom	39.7
disparition	nom	39.7
opéra	nom	39.7
cueillir	verbe	39.6
serveur	nom	39.6
hôte	nom	39.6
appui	nom	39.6
distribuer	verbe	39.6
traître	nom	39.6
chuchoter	verbe	39.6
visible	adjectif	39.6
mandat	nom	39.6
fichu	adjectif	39.5
char	nom	39.4
étape	nom	39.4
gré	nom	39.4
panneau	nom	39.4
chaussette	nom	39.3
profit	nom	39.3
plaie	nom	39.3
ambulance	nom	39.2
issue	nom	39.2
sévère	adjectif	39.2
pari	nom	39.2
lire	nom	39.1
anneau	nom	39.1
soupçon	nom	39.1
portefeuille	nom	39.1
clore	verbe	39.0
cher	nom	39.0
élégant	adjectif	39.0
effondrer	verbe	39.0
janvier	nom	39.0
quelconque	adjectif	38.9
salaire	nom	38.9
tâcher	verbe	38.9
jalousie	nom	38.9
consister	verbe	38.9
espion	nom	38.9
canapé	nom	38.8
adjudant	nom	38.8
cassette	nom	38.8
procéder	verbe	38.8
fraîcheur	nom	38.7
séduire	verbe	38.7
plancher	nom	38.6
paume	nom	38.6
triomphe	nom	38.6
légume	nom	38.6
démarche	nom	38.6
apprêter	verbe	38.6
tentative	nom	38.6
touriste	nom	38.5
cahier	nom	38.5
trouble	nom	38.5
feu	adjectif	38.5
deuil	nom	38.5
pratiquer	verbe	38.5
responsable	nom	38.5
bonbon	nom	38.5
préféré	adjectif	38.4
règlement	nom	38.4
réchauffer	verbe	38.4
collège	nom	38.4
suffisamment	adverbe	38.4
caresse	nom	38.4
blouse	nom	38.3
éliminer	verbe	38.3
remords	nom	38.3
dette	nom	38.3
border	verbe	38.2
suprême	adjectif	38.2
futur	nom	38.2
recommander	verbe	38.2
idéal	adjectif	38.2
poumon	nom	38.2
doubler	verbe	38.1
fasciner	verbe	38.1
voter	verbe	38.1
admirable	adjectif	38.1
noce	nom	38.1
vaisselle	nom	38.1
reconnaissance	nom	38.0
brusque	adjectif	38.0
succéder	verbe	38.0
enchanter	verbe	38.0
abbé	nom	38.0
comportement	nom	38.0
acquérir	verbe	38.0
oubli	nom	38.0
grouiller	verbe	37.9
soigneusement	adverbe	37.9
contrer	verbe	37.9
longueur	nom	37.9
tube	nom	37.9
innocent	nom	37.9
régiment	nom	37.8
balader	verbe	37.8
errer	verbe	37.8
pêcheur	nom	37.8
flèche	nom	37.8
petit	adverbe	37.7
bonté	nom	37.7
figer	verbe	37.7
bataillon	nom	37.7
déboucher	verbe	37.7
dur	nom	37.6
fourrer	verbe	37.6
liquide	nom	37.6
final	adjectif	37.6
grec	nom	37.6
célébrer	verbe	37.6
magazine	nom	37.6
chouette	adjectif	37.5
drifter	nom	37.5
isoler	verbe	37.5
abîmer	verbe	37.5
riche	nom	37.5
influence	nom	37.5
boucher	verbe	37.5
lourd	adverbe	37.4
surmonter	verbe	37.4
gratuit	adjectif	37.4
déployer	verbe	37.4
jusque-là	adverbe	37.3
occupation	nom	37.3
dit	adjectif	37.3
longer	verbe	37.3
communiste	nom	37.3
dégueulasse	adjectif	37.3
aviser	verbe	37.3
admiration	nom	37.2
construction	nom	37.2
fantastique	adjectif	37.2
lécher	verbe	37.2
mélanger	verbe	37.2
aigu	adjectif	37.2
insupportable	adjectif	37.2
grandeur	nom	37.1
trahison	nom	37.1
gueuler	verbe	37.1
équipage	nom	37.1
lisse	adjectif	37.1
agacer	verbe	37.0
particulier	nom	37.0
résonner	verbe	37.0
troupeau	nom	37.0
rembourser	verbe	37.0
obus	nom	37.0
pension	nom	36.9
clairement	adverbe	36.9
imprimer	verbe	36.9
tension	nom	36.9
neveu	nom	36.8
personnalité	nom	36.8
commun	nom	36.8
exceptionnel	adjectif	36.8
ruelle	nom	36.7
trancher	verbe	36.7
reproche	nom	36.7
représentant	nom	36.7
hall	nom	36.7
obstacle	nom	36.7
rude	adjectif	36.6
basculer	verbe	36.6
berger	nom	36.6
classique	adjectif	36.6
bicyclette	nom	36.6
garantir	verbe	36.6
suffisant	adjectif	36.5
désastre	nom	36.5
allumette	nom	36.5
invitation	nom	36.5
enculé	adjectif	36.5
insecte	nom	36.5
portable	adjectif	36.4
flatter	verbe	36.4
préoccuper	verbe	36.4
blessé	adjectif	36.3
encre	nom	36.3
fendre	verbe	36.3
coton	nom	36.3
transparent	adjectif	36.3
panne	nom	36.3
infini	adjectif	36.2
fillette	nom	36.2
riz	nom	36.2
communiste	adjectif	36.2
dégoût	nom	36.2
récemment	adverbe	36.1
misérable	adjectif	36.1
atterrir	verbe	36.1
nouer	verbe	36.1
adversaire	nom	36.1
suspect	nom	36.1
carré	nom	36.1
coiffeur	nom	36.1
loge	nom	36.0
refus	nom	36.0
araignée	nom	36.0
cap	nom	36.0
pose	nom	36.0
damoiseau	nom	36.0
t	nom	36.0
communauté	nom	36.0
grimace	nom	36.0
dégoûter	verbe	36.0
